T,R,T1,T2
16.6,0,16.6,18.1
16.2,0,16.6,17.1
16.2,0,16.6,17.1
16.2,0,16.6,16.6
16.2,0,16.2,16.6
16.2,0,16.2,16.6
16.2,0,16.2,16.6
16.2,550.8794732,16.2,16.6
16.2,850.2512364,16.6,17.1
16.2,992.6525819,16.6,18.1
16.2,1070.329052,17.1,18.7
16.6,1113.993742,17.1,19.2
17.6,1136.210471,18.7,23.6
17.6,1142.239726,18.7,22.9
19.8,1133.386161,20.4,25
18.7,1107.716257,20.4,25
20.4,1058.978554,21,25
19.8,972.4437341,21,25
19.8,811.1882667,21.6,25
19.2,457.3349975,21,23.6
18.7,0,20.4,22.2
18.7,0,19.8,21.6
18.7,0,19.2,20.4
18.7,0,19.2,19.8
18.7,0,18.7,19.2
17.1,0,17.6,18.7
17.1,0,17.6,18.1
17.1,0,17.6,17.6
17.1,0,17.1,17.6
16.6,0,17.1,17.1
16.6,0,17.1,17.1
17.1,553.9668759,16.6,17.1
18.1,850.6060113,17.1,17.6
19.2,992.2513465,18.1,21
21.6,1069.662325,20.4,25.8
22.2,1113.223279,23.6,33.2
23.6,1135.399806,28.3,43.2
24.3,1141.419615,34.4,49.4
25,1132.580136,34.4,54.8
25,1106.95869,30.1,51.9
25.8,1058.344157,30.1,49.4
27.4,972.1285579,29.2,45.1
29.2,811.8114824,28.3,41.4
25,461.5920694,27.4,35.6
22.2,0,25.8,31.1
21,0,22.9,27.4
20.4,0,21,23.6
19.8,0,20.4,21.6
19.8,0,19.8,20.4
19.2,0,19.2,19.2
19.2,0,18.7,18.1
18.7,0,18.7,17.6
18.7,0,18.1,17.1
18.1,0,18.1,17.1
18.1,0,18.1,16.6
18.7,556.9345801,18.1,17.1
19.8,850.9333266,19.8,19.8
20.4,991.8446535,22.2,25
23.6,1068.997513,26.6,33.2
26.6,1112.457642,32.1,43.2
27.4,1134.595138,36.9,51.9
27.4,1140.605785,35.6,54.8
28.3,1131.77997,34.4,58
28.3,1106.205582,34.4,58
28.3,1057.710779,33.2,51.9
31.1,971.8055057,32.1,49.4
31.1,812.399013,31.1,41.4
28.3,465.6853639,30.1,36.9
25.8,0,28.3,33.2
25,0,26.6,30.1
24.3,0,25,27.4
23.6,0,24.3,25.8
25,0,24.3,24.3
24.3,0,24.3,23.6
24.3,0,24.3,23.6
25,0,24.3,22.9
25.8,0,25,23.6
25,0,25,23.6
25,0,24.3,22.9
25,559.7856531,25,23.6
25.8,851.2340411,25.8,25.8
26.6,991.433094,27.4,29.2
27.4,1068.335155,29.2,33.2
31.1,1111.697354,32.1,38.3
30.1,1133.796984,35.6,45.1
32.1,1139.79875,35.6,47.1
33.2,1130.986181,36.9,49.4
34.4,1105.457458,39.8,51.9
34.4,1057.078964,45.1,51.9
32.1,971.4751899,39.8,49.4
32.1,812.9518527,38.3,45.1
29.2,469.619349,35.6,41.4
27.4,0,34.4,36.9
25,0,29.2,33.2
25,0,28.3,30.1
29.2,0,28.3,28.3
28.3,0,33.8,38
27.4,0,32.5,36.7
25.8,0,30.2,34.3
22.9,0,26.1,30
25.8,0,30.2,34.3
23.6,0,27.1,31
22.2,0,25.1,29
25.8,562.5230455,30.2,34.3
29.2,851.5089951,35.2,39.4
26.6,991.0172508,31.4,35.5
28.3,1067.675783,33.8,38
33.2,1110.942935,41.2,45.5
32.1,1133.005856,39.5,43.8
31.1,1138.999021,38,42.3
33.2,1130.199282,41.2,45.5
33.2,1104.714838,41.2,45.5
33.2,1056.44925,41.2,45.5
34.4,971.1382142,43,47.4
33.2,813.4709716,41.2,45.5
31.1,473.3983088,38,42.3
29.2,0,35.2,39.4
28.3,0,33.8,38
28.3,0,33.8,38
30.1,0,36.5,40.8
30.1,0,33.2,38.3
29.2,0,32.1,35.6
28.3,0,31.1,34.4
28.3,0,29.2,34.4
27.4,0,28.3,33.2
26.6,0,27.4,32.1
25.8,0,26.6,31.1
26.6,565.1495953,26.6,30.1
28.3,851.7590102,28.3,30.1
29.2,990.5976984,33.2,32.1
33.2,1067.019927,38.3,35.6
34.4,1110.194896,45.1,39.8
36.9,1132.222261,51.9,43.2
34.4,1138.207104,54.8,45.1
38.3,1129.41978,58,51.9
38.3,1103.978236,58,54.8
36.9,1055.822169,58,58
38.3,970.7951728,54.8,58
36.9,813.9573165,51.9,54.8
33.2,477.02635,47.1,51.9
32.1,0,43.2,47.1
31.1,0,39.8,45.1
30.1,0,36.9,43.2
30.1,0,35.6,41.4
30.1,0,33.2,39.8
30.1,0,32.1,36.9
29.2,0,31.1,35.6
28.3,0,30.1,35.6
27.4,0,29.2,34.4
27.4,0,28.3,33.2
27.4,0,27.4,33.2
28.3,567.6680317,27.4,32.1
30.1,851.9848894,29.2,32.1
31.1,990.1750028,33.2,34.4
33.2,1066.368105,38.3,38.3
32.1,1109.453746,43.2,41.4
30.1,1131.446701,45.1,45.1
21.6,1137.4235,33.2,41.4
19.2,1128.648179,27.4,35.6
19.8,1103.248163,25,32.1
19.8,1055.198247,23.6,30.1
19.8,970.4466505,22.2,28.3
19.2,814.4118102,21.6,27.4
19.8,480.5074088,21.6,26.6
19.2,0,21,26.6
19.2,0,20.4,25.8
19.2,0,19.8,25
19.2,0,19.2,25
19.2,0,19.2,25
19.2,0,19.2,25
19.2,0,19.2,24.3
19.2,0,19.2,24.3
19.8,0,19.2,24.3
19.2,0,19.2,24.3
19.2,0,19.2,24.3
20.4,570.0809781,19.2,24.3
21,852.187417,19.8,25
22.2,989.7497206,20.4,25.8
22.9,1065.720833,22.2,26.6
25,1108.719986,28.3,29.2
23.6,1130.679674,31.1,32.1
24.3,1136.648703,32.1,35.6
25,1127.884977,34.4,38.3
23.6,1102.52512,34.4,39.8
28.3,1054.578001,35.6,39.8
25.8,970.0932223,36.9,41.4
27.4,814.8353519,35.6,41.4
24.3,483.8452566,34.4,41.4
23.6,0,32.1,38.3
22.9,0,30.1,36.9
22.2,0,28.3,34.4
22.2,0,26.6,33.2
22.2,0,25.8,32.1
22.2,0,25,31.1
22.2,0,24.3,30.1
21,0,22.9,29.2
21,0,22.9,28.3
21,0,22.2,27.4
21,0,21.6,27.4
21.6,572.3909559,21.6,26.6
22.2,852.3673584,22.2,26.6
22.9,989.3223991,23.6,27.4
23.6,1065.078616,25.8,29.2
26.6,1107.994111,29.2,32.1
26.6,1129.921669,36.9,36.9
25,1135.883203,38.3,39.8
24.3,1127.130663,38.3,41.4
25,1101.809604,35.6,39.8
25,1053.961943,35.6,39.8
25,969.7354527,33.2,38.3
23.6,815.2288173,31.1,38.3
23.6,487.0435061,29.2,35.6
23.6,0,27.4,34.4
23.6,0,26.6,33.2
23.6,0,25.8,32.1
22.9,0,25,31.1
22.9,0,25,30.1
21,0,23.6,29.2
21.6,0,22.9,28.3
21.6,0,22.2,27.4
22.9,0,21.6,26.6
22.9,0,21.6,26.6
22.2,0,21.6,25.8
22.2,574.6003872,21.6,25.8
25,852.5254599,22.2,25.8
24.3,988.8935759,26.6,27.4
30.1,1064.441955,32.1,31.1
30.1,1107.276609,38.3,35.6
33.2,1129.17317,41.4,41.4
32.1,1135.127483,47.1,45.1
30.1,1126.385722,47.1,49.4
30.1,1101.102106,47.1,49.4
29.2,1053.350574,43.2,45.1
30.1,969.3738957,43.2,43.2
29.2,815.5930585,41.4,43.2
28.3,490.1056171,39.8,41.4
26.6,0,35.6,39.8
25.8,0,33.2,38.3
25.8,0,31.1,35.6
26.6,0,29.2,34.4
28.3,0,29.2,33.2
27.4,0,28.3,33.2
28.3,0,27.4,32.1
28.3,0,27.4,32.1
28.3,0,27.4,31.1
27.4,0,27.4,31.1
27.4,0,26.6,31.1
28.3,576.7115978,27.4,31.1
29.2,852.6624488,29.2,31.1
30.1,988.4637782,29.2,33.2
31.1,1063.811339,30.1,36.9
33.2,1106.567962,36.9,41.4
34.4,1128.434655,43.2,45.1
33.2,1134.382018,47.1,49.4
35.6,1125.650632,49.4,51.9
35.6,1100.403107,49.4,54.8
34.4,1052.74439,49.4,54.8
35.6,969.0090946,49.4,54.8
34.4,815.928904,47.1,51.9
33.2,493.0349012,43.2,51.9
31.1,0,39.8,47.1
29.2,0,36.9,45.1
27.4,0,33.2,41.4
27.4,0,32.1,39.8
26.6,0,30.1,38.3
26.6,0,29.2,35.6
26.6,0,28.3,34.4
25,0,27.4,34.4
24.3,0,27.4,33.2
21.6,0,25.8,32.1
20.4,0,23.6,29.2
19.8,578.7268201,22.2,27.4
18.7,852.7790331,21,25.8
17.1,988.0335231,19.8,25
16.2,1063.187252,18.1,23.6
16.2,1105.868642,18.1,22.9
15.7,1127.706592,18.7,22.9
15.2,1133.647278,17.6,22.9
14.8,1124.925863,17.1,22.2
14.4,1099.713081,17.1,22.2
14.4,1052.143877,16.6,21.6
14.8,968.6415811,16.6,21.6
12.7,816.2371587,15.7,21
13.1,495.8345273,15.2,19.8
13.1,0,14.8,19.8
13.5,0,14.4,19.2
13.9,0,13.9,18.7
14.4,0,13.9,18.1
14.4,0,13.9,18.1
15.2,0,13.9,18.1
15.2,0,13.9,18.1
15.2,0,13.9,17.6
15.7,0,13.9,17.6
15.7,0,14.4,17.6
15.7,0,14.4,18.1
16.2,580.6481958,14.8,18.1
17.1,852.8759016,16.2,18.7
21,987.6033165,21,20.4
22.2,1062.570166,24.3,24.3
24.3,1105.179115,28.3,28.3
22.2,1126.989444,31.1,32.1
24.3,1132.923723,33.2,34.4
23.6,1124.211877,36.9,38.3
24.3,1099.032495,36.9,39.8
24.3,1051.54951,38.3,41.4
24.3,968.2718758,35.6,39.8
22.2,816.518604,35.6,39.8
21,498.5075262,31.1,36.9
20.4,0,27.4,33.2
19.8,0,25.8,31.1
19.8,0,23.6,29.2
19.2,0,22.2,27.4
17.6,0,21,25.8
17.6,0,20.4,24.3
17.6,0,19.8,23.6
17.6,0,19.2,22.9
17.6,0,18.7,22.2
17.6,0,18.7,22.2
17.6,0,18.1,21.6
17.6,582.477778,18.1,21.6
17.6,852.9537235,18.1,21.6
18.7,987.1736537,18.7,21.6
18.1,1061.960548,19.2,22.2
19.8,1104.499838,19.8,22.9
19.8,1126.283664,21,23.6
19.8,1132.211805,22.2,24.3
20.4,1123.509127,23.6,25.8
20.4,1098.361806,25,26.6
19.8,1050.961757,25,27.4
19.2,967.9004871,24.3,27.4
18.7,816.7739978,23.6,27.4
18.1,501.056795,22.2,26.6
17.6,0,21,25
17.6,0,20.4,24.3
17.6,0,19.8,23.6
17.6,0,19.2,22.9
17.6,0,18.7,22.9
17.6,0,18.7,22.2
17.6,0,18.7,22.2
17.6,0,18.1,21.6
17.6,0,18.1,21.6
17.6,0,18.1,21.6
17.6,0,18.1,21.6
18.1,584.217534,18.1,21.6
19.2,853.0131485,18.7,21.6
19.8,986.745018,19.2,22.2
19.2,1061.35885,19.2,22.2
18.7,1103.831257,19.8,22.2
20.4,1125.589697,19.8,22.9
23.6,1131.51197,22.9,24.3
22.9,1122.81806,24.3,26.6
28.3,1097.701463,30.1,30.1
29.2,1050.381077,36.9,35.6
25.8,967.5279116,36.9,38.3
25.8,817.0040744,36.9,38.3
24.3,503.4851017,33.2,36.9
22.2,0,31.1,34.4
21.6,0,28.3,33.2
21.6,0,26.6,31.1
21.6,0,25.8,30.1
21.6,0,24.3,29.2
21.6,0,23.6,28.3
21.6,0,23.6,27.4
21.6,0,22.9,26.6
21.6,0,22.9,26.6
21,0,22.2,25.8
19.2,0,21.6,25
19.8,585.8693474,21,24.3
21,853.0548067,21,24.3
20.4,986.3178812,21,24.3
21.6,1060.765519,21.6,24.3
21.6,1103.173812,21.6,25
20.4,1124.90798,22.2,25
20.4,1130.824651,22.9,25.8
20.4,1122.139111,23.6,26.6
17.1,1097.051905,21.6,25.8
16.2,1049.807915,19.8,23.6
16.2,967.1546331,18.7,22.2
15.7,817.2095446,18.1,21.6
15.7,505.7950886,17.1,21
15.7,0,16.6,20.4
15.2,0,16.2,19.8
15.2,0,16.2,19.2
15.2,0,15.7,19.2
15.2,0,15.7,19.2
15.2,0,15.7,18.7
15.2,0,15.7,18.7
15.2,0,15.7,18.7
14.8,0,15.2,18.7
14.8,0,15.2,18.1
14.8,0,15.2,18.1
14.8,587.43502,15.2,18.1
14.8,853.0793084,15.2,18.1
14.8,985.8927031,15.7,18.7
14.8,1060.180989,16.2,19.2
16.2,1102.527931,16.6,19.2
18.1,1124.238937,17.6,20.4
19.8,1130.150276,18.7,21
20.4,1121.472708,19.8,22.9
20.4,1096.413561,21.6,24.3
22.9,1049.24271,23.6,25.8
25.8,966.7811229,29.2,28.3
22.9,817.3910956,30.1,31.1
20.4,507.989277,28.3,31.1
18.7,0,25.8,29.2
18.1,0,23.6,27.4
18.1,0,22.2,26.6
18.1,0,21,25
17.6,0,19.8,24.3
17.6,0,19.2,23.6
17.6,0,18.7,22.2
17.1,0,18.1,21.6
16.6,0,17.6,21.6
17.1,0,17.1,21
16.6,0,17.1,20.4
17.1,588.9162741,17.1,20.4
18.1,853.087244,18.1,21
21,985.4699309,20.4,22.2
25.8,1059.605684,25.8,25.8
25,1101.894032,33.2,31.1
26.6,1123.582987,36.9,35.6
25,1129.48926,41.4,39.8
27.4,1120.819266,47.1,45.1
25,1095.78685,45.1,47.1
24.3,1048.685885,39.8,45.1
22.9,966.4078392,36.9,41.4
22.9,817.5493909,33.2,38.3
22.2,510.0700701,30.1,35.6
21.6,0,28.3,33.2
21,0,26.6,32.1
21,0,25,31.1
20.4,0,24.3,29.2
20.4,0,23.6,28.3
20.4,0,22.9,27.4
20.4,0,21.6,26.6
19.8,0,21.6,25.8
19.8,0,21,25
20.4,0,20.4,24.3
20.4,0,20.4,24.3
19.2,590.314754,20.4,23.6
19.8,853.0791838,20.4,23.6
20.4,985.0499992,21,23.6
19.8,1059.040016,21,23.6
21.6,1101.272524,21.6,24.3
20.4,1122.940535,22.2,25
21,1128.842009,22.2,25
22.2,1120.179192,22.9,25.8
21,1095.172181,23.6,26.6
21,1048.137858,22.9,26.6
21,966.0352268,22.9,26.6
21.6,817.6850707,22.9,26.6
20.4,512.0397565,22.2,25.8
19.8,0,21.6,25.8
19.8,0,21.6,25
19.2,0,21,24.3
19.2,0,21,24.3
18.7,0,20.4,23.6
18.7,0,19.8,23.6
18.7,0,19.8,22.9
18.1,0,19.2,22.9
18.7,0,19.2,22.2
18.7,0,19.2,22.2
19.8,0,19.2,22.2
19.2,591.6320283,19.2,22.2
21,853.0556781,20.4,22.9
21.6,984.6333297,22.2,24.3
23.6,1058.484386,24.3,25.8
24.3,1100.663803,26.6,28.3
23.6,1122.311977,28.3,30.1
24.3,1128.208918,32.1,33.2
19.2,1119.552883,28.3,33.2
20.4,1094.569951,27.4,32.1
21,1047.599029,26.6,31.1
20.4,965.6637171,25.8,31.1
20.4,817.7987513,25,30.1
20.4,513.9005136,24.3,29.2
19.8,0,23.6,28.3
19.2,0,22.9,27.4
17.6,0,21.6,26.6
17.6,0,21,25
17.6,0,19.8,24.3
17.1,0,19.2,22.9
17.1,0,19.2,22.2
17.1,0,18.7,22.2
16.6,0,18.1,21.6
16.6,0,18.1,21.6
16.2,0,17.6,21
16.2,592.8695911,17.6,21
16.2,853.0172568,17.1,20.4
16.6,984.2203307,17.6,21
17.1,1057.939185,18.1,21
17.6,1100.068256,19.8,22.2
19.8,1121.697697,21,22.9
21,1127.590372,22.9,25
22.2,1118.940722,24.3,26.6
19.2,1093.980546,23.6,27.4
19.2,1047.069791,23.6,27.4
19.8,965.2937275,25,28.3
19.2,817.8910255,24.3,28.3
18.7,515.6544108,23.6,27.4
18.1,0,22.2,26.6
18.1,0,21,25.8
18.1,0,20.4,25
18.7,0,19.8,24.3
18.7,0,19.8,23.6
18.1,0,19.2,22.9
17.1,0,18.7,22.2
17.6,0,18.7,22.2
17.6,0,18.1,21.6
17.6,0,18.1,21.6
17.6,0,17.6,21
18.1,594.0288636,17.6,21
19.2,852.9644298,18.1,21
20.4,983.8113971,19.2,21.6
18.7,1057.404789,19.8,22.2
19.8,1099.486256,20.4,22.9
23.6,1121.098069,22.9,24.3
23.6,1126.986743,27.4,27.4
22.9,1118.343085,27.4,29.2
21.6,1093.404342,26.6,30.1
18.7,1046.550521,24.3,28.3
18.7,964.9256612,22.2,26.6
18.7,817.9624625,21,25
18.1,517.3034117,20.4,23.6
18.1,0,19.8,22.9
18.1,0,19.2,22.2
18.1,0,18.7,22.2
18.1,0,18.7,21.6
18.1,0,18.7,21.6
18.1,0,18.7,21.6
18.1,0,18.7,21.6
18.1,0,18.1,21.6
18.1,0,18.1,21
17.6,0,18.1,21
17.6,0,18.1,21
17.6,595.111196,18.1,21
18.1,852.8976863,18.7,21
19.8,983.4069097,19.8,22.2
19.8,1056.881564,21,23.6
19.2,1098.918167,22.2,25
19.2,1120.513455,22.9,25
22.2,1126.398393,25,27.4
21,1117.760331,25.8,29.2
23.6,1092.8417,25,29.2
25,1046.041587,26.6,30.1
27.4,964.5599073,29.2,31.1
27.4,818.0136077,31.1,33.2
22.2,518.8493773,30.1,33.2
20.4,0,27.4,32.1
19.8,0,25.8,30.1
19.8,0,23.6,28.3
19.2,0,22.2,26.6
18.7,0,21,25
18.7,0,19.8,24.3
18.1,0,19.2,23.6
17.6,0,18.7,22.2
18.1,0,18.1,21.6
18.1,0,17.6,21.6
17.6,0,17.6,21
18.1,596.1178685,17.6,21
21,852.8174949,20.4,21.6
25.8,983.0072355,25,24.3
25.8,1056.369862,30.1,29.2
23.6,1098.364337,31.1,32.1
23.6,1119.944203,31.1,33.2
23.6,1125.82567,31.1,34.4
23.6,1117.19281,31.1,34.4
24.3,1092.292971,32.1,34.4
22.9,1045.543342,31.1,35.6
22.2,964.1968401,29.2,34.4
20.4,818.0449828,26.6,32.1
21,520.2940686,24.3,30.1
19.8,0,22.9,28.3
19.8,0,22.2,26.6
18.7,0,21,25.8
19.2,0,20.4,24.3
19.2,0,19.8,23.6
19.2,0,19.8,23.6
19.8,0,19.2,22.9
19.2,0,19.2,22.9
18.7,0,19.2,22.2
18.7,0,19.2,22.2
18.1,0,18.7,22.2
18.1,597.0500925,18.7,21.6
18.1,852.7243038,18.7,22.2
18.1,982.612727,19.2,22.2
17.6,1055.870022,19.2,22.2
17.6,1097.825105,19.8,22.2
18.7,1119.390651,21.6,23.6
18.7,1125.268913,22.2,25
20.4,1116.64086,23.6,26.6
21,1091.758493,22.9,26.6
22.9,1045.056126,24.3,27.4
26.6,963.836819,28.3,29.2
28.3,818.0570858,31.1,32.1
22.2,521.6391483,29.2,33.2
21,0,26.6,31.1
19.8,0,24.3,29.2
19.2,0,22.2,27.4
18.7,0,21.6,25.8
19.2,0,20.4,25
18.7,0,19.8,23.6
18.7,0,19.2,22.9
18.7,0,18.7,22.2
18.7,0,18.7,22.2
18.7,0,18.1,21.6
18.7,0,18.1,21.6
18.7,597.9090123,18.7,21.6
20.4,852.6185403,19.8,22.2
22.9,982.2237223,22.2,23.6
25.8,1055.382371,27.4,26.6
27.4,1097.300795,34.4,31.1
28.3,1118.853123,43.2,38.3
27.4,1124.728445,47.1,43.2
30.1,1116.104805,51.9,49.4
28.3,1091.23859,51.9,51.9
30.1,1044.580265,51.9,51.9
29.2,963.4801883,51.9,51.9
28.3,818.0503909,47.1,49.4
27.4,522.8861837,41.4,47.1
25,0,36.9,43.2
23.6,0,33.2,39.8
22.9,0,30.1,36.9
22.2,0,27.4,33.2
21.6,0,25,31.1
21,0,23.6,29.2
21,0,22.2,27.4
21,0,21.6,25.8
21.6,0,21,25
20.4,0,20.4,24.3
20.4,0,19.8,23.6
21.6,598.6957058,20.4,22.9
24.3,852.500611,22.9,24.3
26.6,981.8405445,28.3,26.6
30.1,1054.907219,34.4,31.1
31.1,1096.791717,41.4,36.9
30.1,1118.331929,47.1,43.2
28.3,1124.204576,51.9,47.1
31.1,1115.584955,54.8,51.9
30.1,1090.733572,58,54.8
32.1,1044.116073,54.8,54.8
32.1,963.1272773,54.8,54.8
31.1,818.0253486,49.4,51.9
30.1,524.0366485,45.1,49.4
26.6,0,39.8,45.1
25,0,35.6,41.4
24.3,0,32.1,38.3
24.3,0,29.2,34.4
22.9,0,26.6,32.1
22.9,0,25,30.1
22.9,0,24.3,29.2
22.2,0,22.9,27.4
21.6,0,22.2,26.6
21,0,21.6,25
22.2,0,21,25
22.9,599.4111858,21.6,24.3
25,852.3709013,24.3,25
28.3,981.4635018,29.2,27.4
31.1,1054.444867,35.6,32.1
29.2,1096.298171,41.4,36.9
30.1,1117.827368,47.1,43.2
30.1,1123.697605,51.9,49.4
33.2,1115.081608,54.8,51.9
31.1,1090.243739,58,54.8
31.1,1043.663849,54.8,54.8
30.1,962.7783993,51.9,54.8
31.1,817.9823855,49.4,51.9
29.2,525.0919244,43.2,47.1
27.4,0,39.8,45.1
25.8,0,35.6,41.4
25,0,32.1,38.3
25,0,29.2,35.6
24.3,0,27.4,33.2
23.6,0,25.8,31.1
23.6,0,24.3,29.2
23.6,0,23.6,28.3
24.3,0,23.6,27.4
23.6,0,22.9,26.6
23.6,0,22.2,25.8
24.3,600.0564009,22.9,25.8
26.6,852.2297758,25.8,26.6
27.4,981.092887,30.1,29.2
25.8,1053.995598,32.1,32.1
27.4,1095.820439,36.9,35.6
24.3,1117.339723,35.6,38.3
22.9,1123.207815,33.2,36.9
21.6,1114.595049,31.1,35.6
21.6,1089.769373,29.2,33.2
20.4,1043.223876,25.8,30.1
19.8,962.4338524,24.3,29.2
19.2,817.9219042,22.9,27.4
18.7,526.0533034,22.2,26.6
18.1,0,21,25
18.1,0,20.4,24.3
18.1,0,19.8,23.6
17.6,0,19.8,22.9
17.1,0,18.7,22.2
16.6,0,18.1,21.6
16.6,0,18.1,21
17.1,0,17.6,21
17.1,0,17.6,20.4
16.6,0,16.6,20.4
16.2,0,16.6,19.8
16.6,600.6322364,16.6,19.2
23.6,852.0775782,18.1,20.4
25,980.7289776,24.3,22.9
22.2,1053.559681,29.2,27.4
25,1095.358791,35.6,32.1
25.8,1116.869265,43.2,38.3
25,1122.735477,47.1,43.2
26.6,1114.125547,49.4,47.1
25.8,1089.310745,51.9,49.4
28.3,1042.796427,51.9,51.9
28.3,962.0939183,49.4,51.9
27.4,817.8442836,47.1,49.4
25.8,526.9219893,41.4,45.1
23.6,0,35.6,39.8
22.2,0,32.1,36.9
21.6,0,29.2,34.4
21.6,0,26.6,32.1
21.6,0,25,30.1
21.6,0,24.3,29.2
21,0,22.9,27.4
21,0,22.2,25.8
20.4,0,21.6,25
20.4,0,21,25
21,0,21,24.3
21,601.1395152,21,24.3
21.6,851.9146305,21.6,24.3
22.2,980.3720356,22.2,25
23.6,1053.137373,24.3,25.8
27.4,1094.913482,26.6,27.4
30.1,1116.416249,34.4,32.1
29.2,1122.280846,39.8,36.9
30.1,1113.673358,45.1,43.2
29.2,1088.868109,49.4,47.1
31.1,1042.381756,49.4,49.4
32.1,961.7588631,51.9,51.9
30.1,817.7498786,49.4,51.9
28.3,527.6990989,43.2,49.4
25.8,0,38.3,45.1
24.3,0,35.6,41.4
24.3,0,32.1,38.3
23.6,0,29.2,35.6
23.6,0,27.4,33.2
23.6,0,26.6,31.1
24.3,0,25.8,30.1
23.6,0,25,29.2
23.6,0,24.3,28.3
23.6,0,23.6,27.4
23.6,0,23.6,27.4
23.6,601.5789986,23.6,26.6
24.3,851.741234,24.3,27.4
25,980.0223067,25,27.4
25,1052.728914,25,27.4
25.8,1094.484755,25.8,28.3
24.3,1115.980917,25.8,28.3
21.6,1121.844164,25.8,28.3
19.8,1113.238723,25,28.3
20.4,1088.441707,23.6,27.4
20.4,1041.980103,22.9,26.6
20.4,961.4289364,22.9,25.8
20.4,817.6390202,22.2,25.8
19.8,528.385664,21.6,25
19.8,0,21,24.3
19.2,0,21,24.3
18.1,0,20.4,23.6
18.1,0,19.8,22.9
18.1,0,19.2,22.9
18.1,0,19.2,22.2
18.1,0,19.2,22.2
18.1,0,18.7,22.2
18.1,0,18.7,21.6
18.1,0,18.7,21.6
18.1,0,18.7,21.6
18.1,601.951387,18.7,21.6
18.1,851.5576684,19.2,21.6
18.7,979.6800212,19.8,22.2
19.2,1052.334529,20.4,22.9
18.7,1094.072833,21,23.6
19.2,1115.563494,22.2,24.3
21,1121.425657,23.6,25.8
22.2,1112.821869,25,26.6
22.2,1088.031764,26.6,29.2
20.4,1041.591695,24.3,28.3
21.6,961.1043713,23.6,28.3
21,817.5120154,23.6,28.3
21,528.9826321,23.6,27.4
20.4,0,22.9,27.4
20.4,0,22.2,26.6
20.4,0,21.6,25.8
21,0,21,25
20.4,0,21,24.3
19.8,0,21,24.3
19.2,0,20.4,24.3
19.2,0,19.8,23.6
18.7,0,19.8,22.9
19.2,0,19.2,22.9
19.2,0,19.2,22.2
19.2,602.2573206,19.2,22.2
19.8,851.3641921,19.2,22.2
22.2,979.3453929,21,22.9
22.2,1051.954428,22.9,24.3
21.6,1093.677929,23.6,25.8
22.9,1115.164193,25,27.4
24.3,1121.025537,25.8,28.3
25,1112.423007,29.2,30.1
25.8,1087.638491,29.2,32.1
22.2,1041.216741,29.2,32.1
22.2,960.7853846,28.3,32.1
24.3,817.3691473,28.3,32.1
23.6,529.490868,28.3,32.1
21.6,0,26.6,31.1
21,0,25,30.1
21,0,24.3,29.2
21,0,22.9,27.4
21,0,22.2,26.6
20.4,0,21.6,25.8
21,0,21.6,25
20.4,0,21,24.3
20.4,0,21,24.3
20.4,0,20.4,23.6
20.4,0,20.4,23.6
20.4,602.4973798,20.4,23.6
21,851.1610421,21,23.6
18.7,979.0186195,21,23.6
19.8,1051.588806,21,23.6
24.3,1093.300239,23.6,25
22.9,1114.78321,25,27.4
23.6,1120.644002,25,27.4
23.6,1112.042333,25.8,28.3
24.3,1087.262084,27.4,30.1
25.8,1040.855437,30.1,31.1
23.6,960.4721763,31.1,34.4
23.6,817.2106748,29.2,33.2
22.9,529.9111547,28.3,32.1
21.6,0,26.6,31.1
21,0,25.8,30.1
21,0,24.3,29.2
21,0,23.6,28.3
20.4,0,22.9,27.4
20.4,0,22.2,26.6
20.4,0,21.6,25.8
20.4,0,21,25
18.7,0,21,24.3
18.1,0,19.8,23.6
18.1,0,19.8,22.9
18.1,602.672086,19.2,22.9
19.2,850.9484337,19.2,22.2
19.2,978.6998821,20.4,22.9
21,1051.237843,21,23.6
22.2,1092.939942,21.6,24.3
22.2,1114.420727,23.6,25.8
22.2,1120.281231,24.3,26.6
22.9,1111.68003,28.3,29.2
22.9,1086.902722,29.2,31.1
22.2,1040.507961,30.1,32.1
22.2,960.1649296,31.1,33.2
21,817.0368329,29.2,33.2
20.4,530.2441944,27.4,31.1
20.4,0,25.8,30.1
19.8,0,24.3,29.2
19.8,0,23.6,27.4
19.8,0,22.9,26.6
19.8,0,22.2,26.6
19.8,0,22.2,25.8
19.2,0,21.6,25
19.2,0,21,25
19.2,0,20.4,24.3
19.2,0,20.4,23.6
19.2,0,20.4,23.6
19.2,602.7819021,20.4,23.6
19.8,850.726561,21,23.6
19.8,978.3893455,21,23.6
22.9,1050.901701,22.2,24.3
24.3,1092.597204,26.6,27.4
22.2,1114.076909,27.4,29.2
22.2,1119.937392,27.4,30.1
22.2,1111.336261,28.3,31.1
22.2,1086.560572,28.3,31.1
20.4,1040.174477,26.6,31.1
19.8,959.8638109,25,29.2
19.8,816.8478326,23.6,27.4
19.8,530.4906096,22.2,26.6
19.8,0,21.6,25
19.8,0,21,24.3
19.8,0,21,24.3
19.8,0,20.4,23.6
19.8,0,20.4,23.6
19.2,0,20.4,22.9
19.2,0,19.8,22.9
19.2,0,19.8,22.9
19.2,0,19.8,22.2
18.7,0,19.8,22.2
18.7,0,19.2,22.2
19.2,602.8272326,19.2,22.2
19.2,850.4955962,19.8,22.2
19.8,978.0871579,20.4,22.9
21.6,1050.580529,21.6,23.6
25.8,1092.272174,23.6,25.8
23.6,1113.751905,25.8,28.3
23.6,1119.612635,29.2,30.1
26.6,1111.011179,32.1,32.1
25,1086.235781,35.6,36.9
23.6,1039.855132,34.4,36.9
24.3,959.5689694,33.2,36.9
23.6,816.6438606,32.1,35.6
22.2,530.6509433,30.1,34.4
21.6,0,28.3,33.2
21.6,0,26.6,31.1
21.6,0,25.8,30.1
21.6,0,25,29.2
21.6,0,24.3,28.3
21.6,0,24.3,28.3
21,0,23.6,27.4
21,0,22.9,26.6
21,0,22.9,26.6
21,0,22.2,25.8
21,0,22.2,25.8
21,602.8084244,22.2,25.8
20.4,850.2556903,22.2,25
21.6,977.7934505,22.2,25
22.2,1050.274459,23.6,25.8
25,1091.964985,26.6,27.4
23.6,1113.445852,29.2,31.1
22.9,1119.307093,29.2,32.1
22.9,1110.704915,28.3,32.1
22.9,1085.928482,28.3,31.1
22.9,1039.550057,28.3,31.1
22.2,959.2805375,27.4,31.1
22.2,816.4250798,25.8,30.1
21.6,530.7256603,25,29.2
21.6,0,24.3,28.3
21,0,23.6,27.4
20.4,0,22.9,26.6
21,0,22.2,25.8
21,0,22.2,25
20.4,0,21.6,25
20.4,0,21.6,24.3
20.4,0,21,24.3
20.4,0,21,24.3
20.4,0,21,23.6
20.4,0,21,23.6
20.4,602.7257668,21,23.6
20.4,850.0069723,21,23.6
21,977.508338,21.6,24.3
22.9,1049.983606,22.9,25
22.2,1091.675755,24.3,25.8
24.3,1113.158866,25.8,27.4
27.4,1119.020886,27.4,29.2
28.3,1110.41759,29.2,31.1
27.4,1085.638794,34.4,33.2
26.6,1039.259369,34.4,34.4
26.6,958.9986302,33.2,34.4
26.6,816.1916289,33.2,34.4
25.8,530.7151474,32.1,34.4
24.3,0,30.1,34.4
23.6,0,29.2,32.1
23.6,0,27.4,31.1
22.9,0,26.6,30.1
22.9,0,25,29.2
22.9,0,24.3,27.4
22.9,0,23.6,27.4
22.9,0,23.6,26.6
22.9,0,23.6,26.6
22.9,0,22.9,25.8
22.9,0,22.9,25.8
22.9,602.5794918,22.9,25.8
23.6,849.7495497,23.6,25.8
21.6,977.2319182,23.6,25.8
22.2,1049.708069,23.6,25.8
25.8,1091.404585,25,26.6
32.1,1112.891051,29.2,29.2
25.8,1118.754117,30.1,31.1
25,1110.149305,31.1,32.1
24.3,1085.366817,29.2,32.1
25,1038.983165,29.2,31.1
26.6,958.7233455,30.1,32.1
25.8,815.9436225,30.1,32.1
24.3,530.6197142,30.1,32.1
23.6,0,28.3,32.1
23.6,0,27.4,31.1
23.6,0,26.6,30.1
23.6,0,25.8,29.2
22.9,0,25.8,28.3
22.9,0,25,28.3
22.9,0,24.3,27.4
22.2,0,24.3,27.4
22.2,0,23.6,26.6
22.2,0,23.6,26.6
22.2,0,22.9,25.8
22.2,602.3697746,22.9,25.8
22.2,849.4835082,22.9,25.8
22.9,976.964272,23.6,25.8
25,1049.447933,25,26.6
23.6,1091.151562,25.8,27.4
25,1112.642493,26.6,29.2
25,1118.506873,28.3,30.1
23.6,1109.900147,28.3,30.1
25,1085.112637,28.3,31.1
23.6,1038.72153,28.3,31.1
22.9,958.4547639,27.4,30.1
22.2,815.681151,25,29.2
22.2,530.439593,24.3,28.3
22.2,0,23.6,27.4
22.2,0,23.6,26.6
22.2,0,22.9,25.8
22.2,0,22.9,25.8
22.2,0,22.2,25
21.6,0,22.2,25
21.6,0,22.2,25
21.6,0,22.2,25
21.6,0,22.2,25
21.6,0,22.2,24.3
21.6,0,22.2,24.3
21.6,602.0967335,22.2,24.3
21.6,849.208912,22.2,24.3
21.6,976.7054634,22.9,25
21.6,1049.203264,22.9,25.8
22.2,1090.916753,24.3,25.8
22.2,1112.413263,25,27.4
23.6,1118.279223,26.6,28.3
24.3,1109.670186,27.4,30.1
25,1084.876322,31.1,31.1
22.2,1038.47453,29.2,32.1
24.3,958.1929489,28.3,31.1
24.3,815.404281,27.4,31.1
23.6,530.1749397,27.4,31.1
23.6,0,26.6,30.1
22.9,0,25.8,29.2
22.9,0,25,29.2
22.9,0,25,28.3
22.9,0,24.3,27.4
22.9,0,24.3,27.4
21.6,0,23.6,26.6
21.6,0,22.9,26.6
21.6,0,22.9,25.8
21.6,0,22.9,25.8
21.6,0,22.2,25.8
21.6,601.76043,22.2,25
22.9,848.9258035,23.6,25.8
24.3,976.4555393,25,27.4
26.6,1048.974115,27.4,29.2
28.3,1090.700214,34.4,32.1
29.2,1112.203414,43.2,38.3
29.2,1118.071224,43.2,43.2
30.1,1109.459476,41.4,43.2
29.2,1084.657926,41.4,45.1
31.1,1038.242216,43.2,45.1
29.2,957.9379465,45.1,47.1
27.4,815.1130547,41.4,47.1
26.6,529.8258334,38.3,45.1
25.8,0,35.6,41.4
25,0,33.2,39.8
25,0,32.1,38.3
24.3,0,31.1,35.6
24.3,0,29.2,34.4
22.9,0,27.4,32.1
22.9,0,25.8,31.1
22.9,0,25,29.2
23.6,0,24.3,28.3
24.3,0,23.6,27.4
24.3,0,23.6,26.6
26.6,601.3608692,23.6,26.6
28.3,848.6342035,25.8,27.4
29.2,976.2145298,29.2,29.2
31.1,1048.760518,33.2,32.1
32.1,1090.50198,38.3,35.6
32.1,1112.012986,39.8,39.8
31.1,1117.882912,38.3,41.4
31.1,1109.268056,39.8,43.2
33.2,1084.457486,45.1,45.1
34.4,1038.024621,45.1,47.1
33.2,957.6897855,45.1,49.4
31.1,814.8074903,41.4,47.1
29.2,529.392277,38.3,45.1
28.3,0,35.6,43.2
28.3,0,33.2,39.8
27.4,0,32.1,38.3
28.3,0,30.1,35.6
27.4,0,30.1,34.4
27.4,0,29.2,33.2
27.4,0,28.3,32.1
27.4,0,28.3,32.1
26.6,0,27.4,31.1
26.6,0,26.6,30.1
26.6,0,26.6,29.2
27.4,600.8979993,26.6,29.2
30.1,848.334111,28.3,30.1
30.1,975.9824481,32.1,32.1
30.1,1048.562494,38.3,35.6
31.1,1090.322074,43.2,39.8
32.1,1111.841999,47.1,45.1
31.1,1117.714311,49.4,47.1
34.4,1109.095947,49.4,49.4
33.2,1084.275022,51.9,51.9
35.6,1037.821763,49.4,51.9
35.6,957.4484773,49.4,54.8
33.2,814.487582,45.1,51.9
30.1,528.8741972,41.4,47.1
29.2,0,38.3,45.1
28.3,0,34.4,41.4
28.3,0,33.2,38.3
28.3,0,31.1,36.9
27.4,0,30.1,35.6
28.3,0,29.2,33.2
28.3,0,28.3,32.1
27.4,0,28.3,32.1
27.4,0,27.4,31.1
27.4,0,27.4,30.1
26.6,0,26.6,30.1
28.3,600.371712,27.4,29.2
31.1,848.0255035,30.1,30.1
30.1,975.7592904,33.2,32.1
30.1,1048.380044,36.9,35.6
33.2,1090.160499,43.2,39.8
33.2,1111.690461,45.1,45.1
32.1,1117.565427,49.4,49.4
34.4,1108.943155,49.4,51.9
33.2,1084.110539,51.9,54.8
34.4,1037.633644,51.9,54.8
34.4,957.2140163,51.9,54.8
34.4,814.1533,47.1,51.9
32.1,528.271444,43.2,49.4
30.1,0,39.8,47.1
29.2,0,36.9,43.2
29.2,0,34.4,41.4
28.3,0,33.2,38.3
28.3,0,31.1,36.9
27.4,0,30.1,35.6
27.4,0,29.2,34.4
27.4,0,28.3,33.2
27.4,0,28.3,32.1
26.6,0,27.4,31.1
26.6,0,26.6,30.1
28.3,599.7818422,26.6,30.1
30.1,847.7083367,29.2,30.1
31.1,975.545036,33.2,32.1
31.1,1048.213154,38.3,36.9
33.2,1090.017244,43.2,41.4
34.4,1111.558361,49.4,47.1
34.4,1117.43625,51.9,51.9
36.9,1108.80967,54.8,54.8
34.4,1083.964024,58,58
35.6,1037.46025,58,58
35.6,956.9863794,54.8,58
34.4,813.8045903,51.9,58
32.1,527.5837911,47.1,54.8
30.1,0,41.4,49.4
29.2,0,36.9,45.1
28.3,0,34.4,41.4
28.3,0,33.2,39.8
28.3,0,31.1,36.9
28.3,0,30.1,35.6
27.4,0,29.2,34.4
26.6,0,28.3,32.1
25.8,0,27.4,32.1
25.8,0,26.6,31.1
25,0,25.8,30.1
26.6,599.1281681,25.8,29.2
29.2,847.3825448,28.3,30.1
32.1,975.3396475,32.1,32.1
32.1,1048.061795,38.3,35.6
32.1,1089.892283,45.1,41.4
34.4,1111.445673,51.9,47.1
32.1,1117.326754,54.8,51.9
34.4,1108.695466,58,54.8
33.2,1083.835452,61.8,58
34.4,1037.301549,61.8,61.8
34.4,956.7655263,58,58
33.2,813.4413748,54.8,58
31.1,526.8109354,47.1,51.9
30.1,0,43.2,49.4
29.2,0,39.8,45.1
28.3,0,36.9,43.2
28.3,0,34.4,39.8
27.4,0,32.1,38.3
27.4,0,31.1,35.6
27.4,0,30.1,34.4
26.6,0,29.2,33.2
26.6,0,28.3,32.1
25.8,0,27.4,31.1
25.8,0,26.6,30.1
25.8,598.4104105,26.6,29.2
36.9,847.0480404,43.2,39.8
35.6,975.1430706,49.4,47.1
33.2,1047.925921,51.9,51.9
33.2,1089.785572,49.4,51.9
36.9,1111.352355,51.9,51.9
31.1,1117.236897,39.8,49.4
31.1,1108.600501,36.9,45.1
31.1,1083.724777,36.9,43.2
30.1,1037.157494,35.6,41.4
29.2,956.5513998,33.2,39.8
29.2,813.0635517,32.1,36.9
28.3,525.9524966,31.1,35.6
28.3,0,30.1,34.4
28.3,0,30.1,34.4
28.3,0,29.2,34.4
28.3,0,29.2,32.1
28.3,0,29.2,34.4
28.3,0,29.2,32.1
28.3,0,28.3,32.1
28.3,0,28.3,31.1
27.4,0,28.3,31.1
27.4,0,27.4,30.1
27.4,0,27.4,30.1
27.4,597.6282334,27.4,30.1
27.4,846.7047146,28.3,30.1
24.3,974.9552343,28.3,30.1
25.8,1047.805469,29.2,31.1
25.8,1089.697052,29.2,32.1
25.8,1111.278348,30.1,32.1
25.8,1117.166623,30.1,33.2
26.6,1108.524716,30.1,33.2
26.6,1083.631941,31.1,33.2
25.8,1037.028024,31.1,33.2
27.4,956.3439254,35.6,36.9
27.4,812.670995,34.4,36.9
25.8,525.0080169,34.4,36.9
24.3,0,32.1,35.6
24.3,0,30.1,34.4
24.3,0,29.2,33.2
24.3,0,28.3,32.1
24.3,0,27.4,31.1
24.3,0,26.6,30.1
24.3,0,25.8,29.2
23.6,0,25.8,29.2
24.3,0,25,29.2
24.3,0,25,28.3
24.3,0,24.3,27.4
24.3,596.7812428,24.3,27.4
25,846.352437,25.8,28.3
26.6,974.7760512,28.3,29.2
26.6,1047.700362,30.1,31.1
30.1,1089.626648,34.4,34.4
34.4,1111.223581,39.8,38.3
27.4,1117.115857,43.2,43.2
29.2,1108.468038,35.6,39.8
31.1,1083.556869,36.9,41.4
33.2,1036.913058,41.4,43.2
32.1,956.1430118,43.2,45.1
25,812.2635548,39.8,45.1
27.4,523.9769607,34.4,41.4
27.4,0,31.1,36.9
28.3,0,30.1,35.6
28.3,0,29.2,34.4
28.3,0,29.2,33.2
28.3,0,28.3,32.1
28.3,0,28.3,31.1
28.3,0,28.3,31.1
28.3,0,27.4,30.1
28.3,0,27.4,30.1
28.3,0,27.4,30.1
28.3,0,27.4,30.1
29.2,595.868987,27.4,30.1
30.1,845.9910558,29.2,30.1
32.1,974.6054173,33.2,33.2
32.1,1047.610506,38.3,36.9
32.1,1089.57427,39.8,39.8
33.2,1111.187963,41.4,41.4
34.4,1117.084511,43.2,45.1
35.6,1108.430378,47.1,47.1
34.4,1083.49947,47.1,49.4
34.4,1036.812502,45.1,49.4
34.4,955.9485508,43.2,49.4
32.1,811.8410572,41.4,47.1
31.1,522.8587135,38.3,45.1
30.1,0,36.9,41.4
28.3,0,34.4,39.8
27.4,0,33.2,38.3
26.6,0,32.1,36.9
25.8,0,31.1,34.4
25.8,0,30.1,34.4
24.3,0,28.3,32.1
24.3,0,27.4,31.1
23.6,0,26.6,30.1
22.9,0,25,28.3
22.9,0,24.3,27.4
22.9,594.890956,23.6,26.6
22.9,845.6203978,23.6,26.6
22.9,974.443212,23.6,26.6
23.6,1047.535792,23.6,26.6
24.3,1089.539812,25,27.4
24.3,1111.171389,25,27.4
25.8,1117.072481,25.8,28.3
26.6,1108.41163,26.6,29.2
27.4,1083.459637,26.6,30.1
28.3,1036.726247,28.3,31.1
31.1,955.7604175,34.4,34.4
28.3,811.4033047,33.2,35.6
27.4,521.6525817,33.2,36.9
25,0,31.1,35.6
23.6,0,29.2,33.2
23.6,0,28.3,32.1
23.6,0,27.4,30.1
22.9,0,26.6,30.1
22.9,0,25,29.2
22.2,0,24.3,28.3
22.2,0,24.3,27.4
22.9,0,23.6,27.4
22.9,0,23.6,26.6
22.9,0,23.6,26.6
22.2,593.8465812,23.6,25.8
22.2,845.2402684,23.6,25.8
23.6,974.2892988,23.6,26.6
24.3,1047.476096,24.3,26.6
25.8,1089.523154,25,27.4
24.3,1111.173741,25,28.3
26.6,1117.079647,25.8,28.3
25.8,1108.411676,26.6,29.2
25,1083.437249,27.4,30.1
25,1036.654165,28.3,30.1
25.8,955.5784702,28.3,30.1
25,810.9500756,27.4,30.1
24.3,520.3577915,26.6,30.1
24.3,0,26.6,30.1
24.3,0,25.8,29.2
24.3,0,25.8,29.2
23.6,0,25,28.3
23.6,0,25,28.3
23.6,0,25,28.3
23.6,0,25,27.4
23.6,0,24.3,27.4
23.6,0,24.3,27.4
22.9,0,24.3,27.4
22.9,0,24.3,26.6
22.9,592.7352344,23.6,26.6
22.9,844.8504521,23.6,26.6
23.6,974.143525,24.3,26.6
23.6,1047.431277,25,27.4
25,1089.524158,27.4,28.3
24.3,1111.194883,27.4,29.2
23.6,1117.105874,27.4,30.1
25.8,1108.430379,28.3,31.1
26.6,1083.432169,29.2,31.1
29.2,1036.596117,31.1,33.2
27.4,955.4025509,33.2,35.6
26.6,810.4811246,32.1,35.6
25.8,518.9734882,31.1,34.4
25.8,0,30.1,33.2
25,0,28.3,32.1
25,0,27.4,32.1
24.3,0,27.4,31.1
24.3,0,26.6,30.1
24.3,0,25.8,30.1
24.3,0,25.8,29.2
24.3,0,25.8,29.2
23.6,0,25,28.3
23.6,0,25,28.3
23.6,0,25,27.4
24.3,591.556228,24.3,27.4
25,844.450712,25,27.4
25,974.0057218,25.8,28.3
26.6,1047.401181,26.6,29.2
28.3,1089.542673,29.2,31.1
27.4,1111.234665,29.2,32.1
26.6,1117.151014,30.1,33.2
25.8,1108.46759,30.1,33.2
26.6,1083.444246,29.2,33.2
29.2,1036.551945,31.1,33.2
27.4,955.2324852,32.1,34.4
26.6,809.9961826,31.1,34.4
25,517.4987351,30.1,34.4
25,0,29.2,33.2
25,0,28.3,32.1
24.3,0,27.4,31.1
24.3,0,26.6,30.1
24.3,0,26.6,30.1
24.3,0,25.8,29.2
24.3,0,25.8,29.2
23.6,0,25,28.3
23.6,0,25,28.3
24.3,0,24.3,27.4
24.3,0,24.3,27.4
24.3,590.3088138,24.3,27.4
25.8,844.0407901,25,27.4
33.2,973.875705,29.2,30.1
31.1,1047.385638,35.6,34.4
32.1,1089.578534,39.8,38.3
33.2,1111.292923,45.1,43.2
33.2,1117.214902,47.1,47.1
33.2,1108.523145,47.1,49.4
31.1,1083.473314,45.1,49.4
32.1,1036.521479,43.2,49.4
30.1,955.0680824,43.2,49.4
27.4,809.4949568,39.8,45.1
26.6,515.9325123,38.3,43.2
25.8,0,34.4,41.4
25.8,0,33.2,38.3
25.8,0,31.1,36.9
25,0,30.1,35.6
25,0,29.2,34.4
24.3,0,29.2,33.2
24.3,0,28.3,32.1
24.3,0,27.4,31.1
23.6,0,26.6,30.1
23.6,0,25.8,30.1
23.6,0,25.8,29.2
24.3,588.9921826,25.8,29.2
25.8,843.6204075,26.6,29.2
30.1,973.7532743,30.1,30.1
31.1,1047.384463,34.4,34.4
31.1,1089.631561,41.4,38.3
29.2,1111.369478,43.2,43.2
30.1,1117.297359,45.1,45.1
30.1,1108.596864,43.2,45.1
32.1,1083.519191,43.2,45.1
22.9,1036.504532,36.9,45.1
26.6,954.909136,33.2,39.8
25.8,808.9771307,31.1,36.9
25.8,514.273716,30.1,34.4
25.8,0,29.2,33.2
25,0,28.3,33.2
24.3,0,27.4,32.1
23.6,0,27.4,31.1
24.3,0,26.6,30.1
23.6,0,25.8,29.2
23.6,0,25.8,29.2
23.6,0,25.8,29.2
23.6,0,25,28.3
23.6,0,24.3,28.3
22.9,0,24.3,27.4
23.6,587.6054634,24.3,27.4
24.3,843.1892646,25,27.4
29.2,973.6382143,27.4,29.2
28.3,1047.397457,32.1,33.2
27.4,1089.701558,33.2,34.4
28.3,1111.464138,36.9,38.3
30.1,1117.398194,36.9,39.8
31.1,1108.688554,39.8,41.4
31.1,1083.581683,41.4,43.2
30.1,1036.500904,41.4,45.1
30.1,954.7554236,41.4,45.1
27.4,808.4423641,38.3,43.2
27.4,512.5211566,36.9,41.4
27.4,0,34.4,39.8
26.6,0,33.2,38.3
26.6,0,31.1,35.6
26.6,0,30.1,34.4
25.8,0,29.2,33.2
25,0,28.3,32.1
25,0,27.4,32.1
24.3,0,27.4,31.1
27.4,0,26.6,30.1
27.4,0,26.6,30.1
26.6,0,25.8,29.2
27.4,586.1477226,25.8,29.2
30.1,842.7470406,28.3,29.2
31.1,973.5302946,33.2,32.1
32.1,1047.424408,36.9,35.6
33.2,1089.788317,41.4,39.8
33.2,1111.576694,45.1,45.1
32.1,1117.5172,49.4,49.4
34.4,1108.798008,51.9,51.9
34.4,1083.660579,51.9,54.8
35.6,1036.51038,49.4,54.8
34.4,954.6067069,49.4,51.9
34.4,807.8902935,45.1,51.9
32.1,510.6735576,41.4,47.1
31.1,0,38.3,45.1
31.1,0,35.6,41.4
31.1,0,34.4,39.8
30.1,0,32.1,36.9
30.1,0,31.1,35.6
29.2,0,30.1,34.4
29.2,0,30.1,33.2
28.3,0,29.2,32.1
28.3,0,28.3,32.1
27.4,0,28.3,31.1
27.4,0,27.4,30.1
28.3,584.6179632,27.4,30.1
29.2,842.2933945,29.2,31.1
30.1,973.4292693,31.1,32.1
31.1,1047.465087,34.4,34.4
32.1,1089.891616,38.3,38.3
35.6,1111.706927,43.2,41.4
34.4,1117.654156,47.1,47.1
38.3,1108.925005,51.9,51.9
36.9,1083.755659,51.9,54.8
32.1,1036.532731,47.1,54.8
31.1,1044.622006,49.4,51.9
29.2,947.0549656,47.1,51.9
30.1,756.8220121,43.2,49.4
28.3,296.0532812,39.8,45.1
26.6,0,35.6,43.2
25,0,33.2,39.8
24.3,0,31.1,36.9
24.3,0,28.3,35.6
23.6,0,27.4,33.2
23.6,0,25.8,32.1
23.6,0,25,31.1
23.6,0,24.3,29.2
22.9,0,23.6,¡¤
22.2,0,22.9,27.4
21.6,0,22.2,27.4
22.2,416.889003,21.6,26.6
23.6,802.373831,22.9,26.6
26.6,969.8954492,26.6,28.3
30.1,1057.465964,31.1,31.1
31.1,1105.579868,31.1,35.6
34.4,1129.762164,33.2,38.3
32.1,1136.290648,36.9,41.4
35.6,1126.698996,41.4,47.1
36.9,1098.710834,47.1,51.9
33.2,1044.829634,49.4,54.8
31.1,946.6841658,49.4,54.8
32.1,754.7409828,47.1,51.9
30.1,286.6550162,43.2,49.4
26.6,0,38.3,45.1
25.8,0,34.4,41.4
25,0,32.1,38.3
25,0,29.2,35.6
25,0,27.4,33.2
25,0,26.6,32.1
25,0,25.8,31.1
24.3,0,25,30.1
24.3,0,24.3,29.2
24.3,0,23.6,28.3
24.3,0,23.6,27.4
23.6,409.7184098,22.9,27.4
24.3,800.7429687,24.3,27.4
28.3,969.6647953,27.4,29.2
29.2,1057.728234,31.1,32.1
32.1,1106.043727,33.2,36.9
33.2,1130.308861,35.6,41.4
32.1,1136.857592,39.8,47.1
36.9,1127.235883,45.1,51.9
35.6,1099.148909,49.4,54.8
34.4,1045.030833,47.1,54.8
34.4,946.2954756,47.1,54.8
34.4,752.6010864,47.1,54.8
31.1,276.9550358,43.2,51.9
27.4,0,38.3,47.1
26.6,0,35.6,43.2
25.8,0,32.1,39.8
25.8,0,30.1,36.9
25.8,0,28.3,34.4
25,0,26.6,32.1
25,0,25.8,31.1
24.3,0,25,30.1
24.3,0,24.3,29.2
23.6,0,23.6,28.3
23.6,0,22.9,27.4
22.9,402.3260443,22.9,26.6
23.6,799.0649544,23.6,26.6
28.3,969.4188734,27.4,28.3
31.1,1057.984705,31.1,32.1
34.4,1106.505364,33.2,36.9
33.2,1130.854767,36.9,43.2
30.1,1137.424093,39.8,47.1
32.1,1127.771811,45.1,51.9
32.1,1099.584315,49.4,54.8
32.1,1045.225115,49.4,54.8
32.1,945.8882712,47.1,51.9
31.1,750.4008826,45.1,51.9
29.2,266.9440992,41.4,47.1
26.6,0,36.9,45.1
25.8,0,34.4,41.4
25,0,31.1,38.3
25,0,29.2,34.4
25.8,0,27.4,33.2
25.8,0,26.6,32.1
25.8,0,26.6,31.1
25.8,0,25.8,30.1
25.8,0,25.8,30.1
25.8,0,25,29.2
25.8,0,25,29.2
25,394.7050348,25,28.3
25.8,797.3386353,25.8,28.3
32.1,969.1571052,28.3,30.1
31.1,1058.234903,32.1,34.4
33.2,1106.964338,33.2,38.3
34.4,1131.399449,35.6,45.1
25,1138.182014,25,27.4
26.6,1145.077631,28.3,30.1
26.6,1134.940942,30.1,33.2
27.4,1105.159083,31.1,34.4
26.6,1046.957124,31.1,35.6
30.1,937.9002036,33.2,36.9
25,712.4052627,31.1,36.9
23.6,88.33396216,29.2,34.4
22.9,0,27.4,33.2
22.2,0,26.6,31.1
21,0,25,30.1
19.8,0,24.3,29.2
19.8,0,23.6,28.3
17.6,0,21.6,26.6
17.6,0,20.4,25
17.6,0,19.8,23.6
17.6,0,19.2,22.9
17.1,0,18.7,22.2
16.6,0,18.1,22.2
16.6,259.6012717,17.6,21.6
16.6,767.4249109,17.6,21.6
16.6,963.5139447,17.6,21.6
17.1,1060.826449,18.1,21.6
16.2,709.1123009,18.7,22.2
16.2,72.33239722,18.1,22.2
16.2,0,17.6,21.6
16.2,0,17.6,21.6
16.6,0,17.1,21
16.6,0,17.1,21
16.6,0,17.1,21
16.2,0,17.1,20.4
16.2,0,16.6,20.4
16.2,0,16.6,20.4
16.2,0,16.6,20.4
16.6,0,16.6,20.4
16.6,0,16.6,20.4
16.6,247.5701384,16.6,20.4
16.6,764.8280634,16.6,20.4
16.6,962.9480863,17.1,20.4
17.1,1060.929614,17.6,21
17.1,1113.24457,17.6,21
17.1,1139.145686,18.1,21.6
17.1,1146.093928,19.2,22.2
17.1,1135.87911,19.2,22.9
17.1,1105.839825,19.2,22.9
17.1,1047.014318,19.2,22.9
16.6,936.356879,18.7,22.9
17.1,705.7329669,18.1,22.2
17.1,55.812196,18.1,21.6
17.1,0,17.6,21.6
17.1,0,17.6,21.6
17.1,0,17.6,21
17.1,0,17.6,21
17.1,0,17.1,21
17.1,0,17.1,21
17.1,0,17.1,21
17.1,0,17.1,21
17.1,0,17.1,21
17.1,0,17.1,20.4
17.1,0,17.1,20.4
17.1,235.1705253,17.1,20.4
17.1,762.1630494,17.1,20.4
17.1,962.357845,17.6,21
17.1,1061.019797,18.7,21.6
17.6,1113.605401,19.2,22.2
18.1,1139.616741,20.4,23.6
17.6,1146.591877,20.4,23.6
21.6,1136.787356,25.8,27.4
23.6,1106.482956,26.6,29.2
26.6,1047.014395,28.3,31.1
21,934.6996293,28.3,32.1
20.4,698.7079534,26.6,31.1
19.8,21.13043515,24.3,29.2
19.8,0,23.6,28.3
19.2,0,22.9,26.6
19.2,0,22.2,25.8
19.2,0,21.6,25.8
19.2,0,21,25
19.2,0,21,25
18.7,0,20.4,24.3
18.1,0,19.8,23.6
18.1,0,19.8,22.9
17.6,0,19.2,22.9
18.1,0,18.7,22.9
17.6,209.2250438,18.7,22.2
18.1,756.6233265,18.7,22.2
18.1,961.102392,18.7,22.2
18.1,1061.159853,19.2,22.2
18.7,1114.299107,19.8,22.9
19.8,1140.535736,21,23.6
19.8,1147.565833,21.6,25
18.7,1137.229487,21.6,25
19.8,1106.789624,21.6,25
19.8,1046.992139,22.9,25.8
19.8,933.8270066,22.9,25.8
19.2,695.0586176,22.2,25.8
18.1,2.923123369,21,25
18.1,0,20.4,24.3
18.1,0,19.8,23.6
18.1,0,19.8,23.6
18.1,0,19.2,22.9
18.1,0,19.2,22.9
18.1,0,19.2,22.2
18.1,0,18.7,22.2
18.1,0,18.7,22.2
18.1,0,18.7,22.2
18.1,0,18.7,22.2
18.1,0,18.7,22.2
18.1,195.6583288,18.7,22.2
18.7,753.7460172,18.7,22.2
18.7,960.4363024,19.8,22.9
18.7,1061.209076,19.8,22.9
18.7,1114.631378,19.8,23.6
18.7,1140.983085,20.4,23.6
18.7,1148.041252,21,24.3
18.7,1137.663231,21,24.3
18.7,1107.085956,21,24.3
18.7,1046.954578,21,24.3
19.2,932.9243975,21,24.3
18.7,691.3155987,20.4,24.3
18.7,0,20.4,23.6
18.7,0,19.8,23.6
19.2,0,19.8,23.6
18.7,0,19.2,22.9
18.7,0,19.2,22.9
18.7,0,19.2,22.9
18.7,0,19.2,22.9
18.7,0,19.2,22.9
18.7,0,19.2,22.2
18.7,0,18.7,22.2
18.7,0,18.7,22.2
18.1,0,18.7,22.2
18.1,181.6812781,18.7,22.2
18.7,750.795343,19.2,22.2
18.7,959.7440757,19.2,22.2
19.2,1061.244015,19.8,22.9
19.8,1114.953542,21,23.6
21,1141.421958,22.2,25
21,1148.508588,23.6,26.6
20.4,1138.088308,25,27.4
18.7,1107.371667,22.2,26.6
18.7,1046.901395,21.6,25
18.1,931.9913291,21,24.3
18.1,687.477031,19.8,24.3
18.1,0,19.2,23.6
18.1,0,19.2,22.9
18.1,0,18.7,22.2
17.6,0,18.7,22.2
17.6,0,18.1,21.6
17.6,0,18.1,21.6
17.6,0,18.1,21.6
17.6,0,17.6,21
17.6,0,17.6,21
17.1,0,17.6,21
17.1,0,17.6,21
17.1,0,17.6,21
17.1,167.2825791,17.6,21
17.6,747.770007,17.6,21
17.6,959.0253091,18.1,21
17.6,1061.264377,18.1,21.6
17.6,1115.265325,19.2,22.2
17.6,1141.852086,19.8,22.9
18.1,1148.967574,20.4,23.6
18.1,1138.504447,21,24.3
18.1,1107.64648,21,24.3
18.1,1046.832289,21,25
18.1,931.0273437,20.4,24.3
18.1,683.5410359,19.8,24.3
18.1,0,19.2,23.6
18.1,0,19.2,22.9
18.1,0,18.7,22.9
18.1,0,18.7,22.2
18.1,0,18.7,22.2
18.1,0,18.7,22.2
18.1,0,18.7,22.2
18.1,0,18.7,22.2
18.1,0,18.7,21.6
18.1,0,18.7,21.6
18.1,0,18.7,21.6
18.1,0,18.7,21.6
18.1,152.4502399,18.7,21.6
18.7,744.6687162,18.7,21.6
19.8,958.2796164,19.8,22.2
21.6,1061.26988,21.6,23.6
21.6,1115.566466,22.2,25
22.2,1142.273209,23.6,26.6
22.2,1149.417952,24.3,27.4
21.6,1138.91139,24.3,28.3
21.6,1107.910131,24.3,28.3
21.6,1046.746969,25,28.3
21,930.0319999,25,28.3
20.4,679.5057235,23.6,27.4
20.4,0,22.9,26.6
20.4,0,22.2,25.8
20.4,0,21.6,25
20.4,0,21,25
20.4,0,21,24.3
20.4,0,21,24.3
19.8,0,20.4,24.3
19.8,0,20.4,23.6
19.8,0,20.4,24.3
19.8,0,19.8,23.6
21,0,19.8,22.9
22.9,0,19.8,22.9
22.9,137.1713375,19.8,23.6
25,741.4901832,20.4,23.6
29.2,957.5066278,21.6,25
30.1,1061.260259,23.6,29.2
31.1,1115.856714,25.8,34.4
32.1,1142.685082,27.4,39.8
31.1,1149.859476,30.1,45.1
30.1,1139.30889,32.1,49.4
31.1,1108.162368,33.2,49.4
31.1,1046.645164,34.4,49.4
31.1,929.0048737,35.6,49.4
29.2,675.3691937,36.9,47.1
26.6,0,34.4,43.2
25.8,0,32.1,39.8
25,0,31.1,38.3
25,0,29.2,35.6
25,0,28.3,34.4
24.3,0,27.4,33.2
24.3,0,26.6,32.1
23.6,0,25.8,31.1
23.6,0,25.8,30.1
23.6,0,25,30.1
22.9,0,25,29.2
22.9,0,24.3,28.3
22.9,121.4317639,24.3,28.3
23.6,738.2331276,24.3,27.4
25,956.7059916,25.8,28.3
24.3,1061.235261,26.6,29.2
25.8,1116.135832,28.3,31.1
25,1143.087469,30.1,33.2
25,1150.291909,31.1,33.2
22.9,1139.696711,30.1,34.4
22.2,1108.402953,27.4,32.1
21.6,1046.526612,26.6,31.1
21,927.9455593,24.3,29.2
21,671.1295384,23.6,27.4
20.4,0,22.9,26.6
20.4,0,22.2,25.8
21,0,21.6,25
21,0,21,25
21,0,21,25
21,0,21,24.3
19.8,0,21,24.3
19.8,0,20.4,23.6
19.8,0,20.4,23.6
19.2,0,19.8,23.6
19.2,0,19.8,22.9
19.2,0,19.8,22.9
18.7,105.2160385,19.2,22.9
19.2,734.8962785,19.2,22.2
19.2,955.8773747,19.2,22.2
21,1061.19465,19.8,22.9
22.9,1116.403595,21.6,24.3
25.8,1143.480146,25.8,26.6
22.9,1150.715029,27.4,29.2
22.2,1140.07463,26.6,30.1
24.3,1108.63166,27.4,31.1
23.6,1046.391072,28.3,32.1
24.3,926.8536706,28.3,32.1
22.9,666.784843,27.4,32.1
21.6,0,26.6,31.1
21,0,25,30.1
20.4,0,23.6,28.3
19.8,0,22.9,27.4
19.8,0,21.6,25.8
19.8,0,21,25
19.8,0,20.4,24.3
19.8,0,20.4,24.3
19.8,0,19.8,23.6
19.8,0,19.8,23.6
19.8,0,19.2,22.9
19.8,0,19.2,22.9
19.8,88.50726183,19.2,22.2
20.4,731.4783761,19.8,22.9
21.6,955.0204639,21,23.6
21.6,1061.138205,21.6,24.3
21.6,1116.659791,21.6,24.3
21.6,1143.8629,22.2,25
23.6,1151.128622,22.9,25.8
25,1140.442434,25,27.4
22.2,1108.848278,25,28.3
22.2,1046.238315,25,28.3
22.2,925.7288417,25,29.2
21.6,662.3331885,25,28.3
21,0,23.6,28.3
21,0,22.9,27.4
20.4,0,22.2,26.6
19.8,0,21.6,25.8
19.8,0,21,25
19.8,0,20.4,24.3
19.8,0,20.4,24.3
19.8,0,19.8,23.6
19.8,0,19.8,23.6
20.4,0,19.8,22.9
20.4,0,19.8,22.9
18.7,0,19.8,22.9
18.1,71.28723129,19.2,22.2
21,727.9781739,19.2,22.2
25,954.1349665,20.4,24.3
27.4,1061.065719,21.6,27.4
27.4,1116.904221,23.6,32.1
29.2,1144.235534,26.6,36.9
25.8,1151.532491,28.3,41.4
25.8,1140.799925,31.1,43.2
27.4,1109.052607,32.1,43.2
26.6,1046.06813,33.2,41.4
26.6,924.5707284,32.1,41.4
25,657.7726538,32.1,39.8
25,0,30.1,36.9
23.6,0,28.3,35.6
22.9,0,27.4,33.2
22.2,0,25.8,32.1
22.2,0,24.3,30.1
22.2,0,23.6,28.3
22.9,0,23.6,28.3
22.9,0,22.9,27.4
22.9,0,22.9,26.6
22.9,0,22.9,26.6
22.9,0,22.9,26.6
22.9,0,22.9,25.8
22.9,53.53662398,22.9,25.8
19.8,724.3944409,22.2,25.8
19.8,953.2206116,21.6,25
22.2,1060.977004,22.2,25
24.3,1117.136703,23.6,25.8
23.6,1144.597861,23.6,26.6
21.6,1151.926446,23.6,27.4
21.6,1141.146916,23.6,26.6
21,1109.244465,23.6,26.6
20.4,1045.880325,22.9,25.8
19.8,923.3790094,22.2,25
19.8,653.1013184,21.6,25
19.8,0,21,24.3
19.8,0,21,23.6
19.8,0,20.4,23.6
19.8,0,20.4,23.6
19.8,0,20.4,23.6
19.8,0,20.4,22.9
19.8,0,20.4,22.9
19.2,0,19.8,22.9
19.2,0,19.8,22.9
19.2,0,19.8,22.9
19.2,0,19.8,22.2
18.7,0,19.2,22.2
18.7,35.23510119,19.2,22.2
18.7,720.7259647,19.2,22.2
19.2,952.2771509,19.8,22.9
18.7,1060.871889,19.8,22.9
19.2,1117.357066,19.8,22.9
18.1,1142.123232,21,23.6
18.1,1109.743589,20.4,23.6
17.6,1045.209527,20.4,23.6
16.6,919.5993738,19.8,22.9
16.6,638.4033643,18.7,22.2
16.2,0,18.1,21.6
16.2,0,18.1,21.6
16.2,0,17.6,21
16.2,0,17.1,21
16.2,0,17.1,20.4
16.2,0,17.1,20.4
16.2,0,17.1,20.4
16.2,0,16.6,19.8
16.2,0,16.6,19.8
16.2,0,16.6,19.8
16.2,0,16.6,19.8
16.2,0,16.6,19.8
16.2,0,16.6,19.8
16.2,709.2002778,16.6,19.8
16.2,949.2700175,16.6,19.8
16.6,1060.456689,17.6,20.4
17.6,1117.943962,19.8,21.6
19.2,1145.940818,22.2,24.3
18.7,1153.399834,22.2,25.8
19.2,1142.42663,23.6,26.6
17.1,1109.884017,22.2,26.6
17.1,1044.949674,21,25
16.6,918.2705195,20.4,24.3
16.6,633.2697255,19.2,23.6
16.6,0,18.7,22.9
16.6,0,18.1,22.2
16.6,0,17.6,21.6
16.6,0,17.6,21
16.6,0,17.1,21
16.6,0,17.1,20.4
16.6,0,17.1,20.4
16.6,0,16.6,20.4
16.6,0,16.6,19.8
16.6,0,16.6,19.8
16.6,0,16.6,19.8
17.1,0,16.6,19.8
16.6,0,16.6,19.8
16.6,705.1811605,16.6,19.8
18.7,948.2081461,17.6,20.4
19.2,1060.284615,19.2,21.6
19.2,1118.114445,19.8,22.9
20.4,1146.249271,21.6,23.6
21.6,1153.741862,24.3,25.8
22.9,1142.718801,27.4,29.2
21,1110.01128,28.3,32.1
22.9,1044.671515,28.3,32.1
21.6,916.90684,28.3,33.2
20.4,628.0157911,27.4,32.1
19.2,0,25.8,31.1
19.2,0,24.3,29.2
19.2,0,22.9,28.3
18.7,0,22.2,27.4
18.7,0,21.6,25.8
18.7,0,20.4,25
18.7,0,19.8,24.3
17.6,0,19.2,23.6
17.6,0,19.2,22.9
18.1,0,18.7,22.2
18.1,0,18.7,22.2
18.7,0,18.1,21.6
18.1,0,18.1,21.6
18.1,701.0716078,18.1,21.6
19.2,947.1163086,18.7,21.6
21,1060.095556,19.8,22.2
21,1118.272185,21.6,23.6
20.4,1146.546578,22.9,25
20.4,1154.073125,25,26.6
19.2,1142.99964,24.3,27.4
19.2,1110.125288,23.6,27.4
19.2,1044.374973,23.6,26.6
18.7,915.5081783,22.9,26.6
19.2,622.6397082,21.6,25.8
18.1,0,21,25
18.1,0,20.4,24.3
17.6,0,19.8,23.6
17.6,0,19.2,22.9
17.6,0,18.7,22.2
17.6,0,18.7,21.6
17.6,0,18.1,21.6
17.6,0,18.1,21.6
17.1,0,18.1,21
17.6,0,17.6,21
17.1,0,17.6,21
16.6,0,17.6,20.4
16.6,0,17.1,20.4
16.2,696.8705783,17.1,20.4
16.2,945.9944171,17.1,20.4
16.2,1059.889456,17.6,20.4
17.1,1118.417105,18.7,21.6
18.1,1146.832649,21,22.9
19.2,1154.39353,21.6,25
18.1,1143.269058,21,25
17.1,1110.225965,19.8,23.6
16.2,1044.059992,18.7,22.2
15.2,914.0744098,18.1,21.6
15.2,617.1396489,17.1,21
14.8,0,16.6,20.4
14.8,0,16.2,19.8
15.2,0,16.2,19.2
14.8,0,15.7,19.2
14.8,0,15.7,18.7
15.2,0,15.7,18.7
14.8,0,15.2,18.7
14.8,0,15.2,18.7
14.8,0,15.2,18.1
14.8,0,15.2,18.1
14.8,0,15.2,18.1
14.8,0,15.2,18.1
14.8,0,15.2,18.1
14.4,692.5770713,14.8,18.1
13.9,944.8424149,14.8,18.1
14.4,1059.666278,15.2,18.1
14.4,1118.549142,16.2,18.7
15.2,1147.107407,17.1,19.8
15.2,1154.702996,18.1,20.4
14.8,1143.526982,18.1,21
14.8,1110.313256,17.6,21
14.8,1043.726541,17.1,21
14.8,912.6054437,16.6,20.4
13.9,611.5138155,16.2,19.2
13.9,0,15.2,18.7
13.9,0,14.8,18.1
13.9,0,14.8,18.1
13.9,0,14.4,17.6
13.9,0,14.4,17.6
13.5,0,14.4,17.6
13.5,0,14.4,17.1
13.5,0,13.9,17.1
13.5,0,13.9,17.1
13.5,0,13.9,17.1
13.5,0,13.9,17.1
13.5,0,13.5,16.6
